ID,x0,x1
2476,0,-0.020833333
7353,0,-0.083333333
2477,0,-0.041666667
7355,0,-0.083333333
2478,0,-0.041666667
7357,0,-0.083333333
2479,0,-0.041666667
7359,0,-0.083333333
2480,0,-0.041666667
7361,0,-0.083333333
2481,0,-0.041666667
7363,0,-0.083333333
2482,0,-0.041666667
7365,0,-0.083333333
2483,0,-0.041666667
7367,0,-0.083333333
2484,0,-0.020833333
