idn,q0,q1,q2
38589,0,-0.04167,0
34688,0,0.16667,0
30787,0,-0.04167,0
14438,0,0.16667,0
14436,0,0.16667,0
38741,0,-0.08333,0
34840,0,0.33333,0
30939,0,-0.08333,0
14449,0,0.16667,0
14447,0,0.16667,0
38893,0,-0.04167,0
34992,0,0.16667,0
31091,0,-0.04167,0
