idn,q0,q1,q2
38589,0,0,0.04167
34688,0,0,-0.16667
30787,0,0,0.04167
14438,0,0,-0.16667
14436,0,0,-0.16667
38741,0,0,0.08333
34840,0,0,-0.33333
30939,0,0,0.08333
14449,0,0,-0.16667
14447,0,0,-0.16667
38893,0,0,0.04167
34992,0,0,-0.16667
31091,0,0,0.04167
