ID,x0,x1
5150,0.707106781,-0.707106781
